{
    "web":
    {
        "client_id":"943838681921-dhomovi1bi6bjn5fbjob3neffc55t6tt.apps.googleusercontent.com",
        "project_id":"auto-reply-to-email",
        "auth_uri":"https://accounts.google.com/o/oauth2/auth",
        "token_uri":"https://oauth2.googleapis.com/token",
        "auth_provider_x509_cert_url":"https://www.googleapis.com/oauth2/v1/certs",
        "client_secret":"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",
        "redirect_uris":
            [
                "http://localhost:8000/auth/callback"
            ]
    }
}